-- MySQL dump 10.13  Distrib 8.0.40, for Win64 (x86_64)
--
-- Host: stg-yswa-kr-practice-db-master.mariadb.database.azure.com    Database: s12p31s105
-- ------------------------------------------------------
-- Server version	5.6.47.0

/*!40101 SET @OLD_CHARACTER_SET_CLIENT=@@CHARACTER_SET_CLIENT */;
/*!40101 SET @OLD_CHARACTER_SET_RESULTS=@@CHARACTER_SET_RESULTS */;
/*!40101 SET @OLD_COLLATION_CONNECTION=@@COLLATION_CONNECTION */;
/*!50503 SET NAMES utf8 */;
/*!40103 SET @OLD_TIME_ZONE=@@TIME_ZONE */;
/*!40103 SET TIME_ZONE='+00:00' */;
/*!40014 SET @OLD_UNIQUE_CHECKS=@@UNIQUE_CHECKS, UNIQUE_CHECKS=0 */;
/*!40014 SET @OLD_FOREIGN_KEY_CHECKS=@@FOREIGN_KEY_CHECKS, FOREIGN_KEY_CHECKS=0 */;
/*!40101 SET @OLD_SQL_MODE=@@SQL_MODE, SQL_MODE='NO_AUTO_VALUE_ON_ZERO' */;
/*!40111 SET @OLD_SQL_NOTES=@@SQL_NOTES, SQL_NOTES=0 */;

--
-- Table structure for table `pcb`
--

DROP TABLE IF EXISTS `pcb`;
/*!40101 SET @saved_cs_client     = @@character_set_client */;
/*!50503 SET character_set_client = utf8mb4 */;
CREATE TABLE `pcb` (
  `pcb_id` int(11) NOT NULL AUTO_INCREMENT,
  `serial_number` varchar(50) COLLATE utf8mb4_bin NOT NULL,
  `inspection_date` datetime NOT NULL,
  `defect_count` int(11) DEFAULT 0,
  PRIMARY KEY (`pcb_id`),
  UNIQUE KEY `serial_number` (`serial_number`)
) ENGINE=InnoDB AUTO_INCREMENT=147 DEFAULT CHARSET=utf8mb4 COLLATE=utf8mb4_bin;
/*!40101 SET character_set_client = @saved_cs_client */;

--
-- Dumping data for table `pcb`
--

LOCK TABLES `pcb` WRITE;
/*!40000 ALTER TABLE `pcb` DISABLE KEYS */;
INSERT INTO `pcb` VALUES (1,'ERROR-NO-SERIAL','2025-05-13 00:15:43',19),(2,'PCB-20250513-5390','2025-05-13 00:22:33',0),(3,'PCB-20250513-5681','2025-05-13 00:23:34',17),(4,'PCB-20250513-2941','2025-05-13 00:30:16',16),(5,'PCB-20250513-9941','2025-05-13 00:47:42',0),(6,'PCB-20250513-4237','2025-05-13 00:48:27',0),(7,'PCB-20250513-7371','2025-05-13 00:49:06',0),(8,'PCB-20250513-9457','2025-05-13 00:49:40',20),(9,'PCB-20250513-1473','2025-05-13 09:50:12',0),(10,'PCB-20250513-9646','2025-05-13 09:51:47',0),(11,'PCB-20250513-8575','2025-05-13 09:52:19',0),(12,'PCB-20250513-2218','2025-05-13 09:53:12',19),(13,'PCB-20250513-2143','2025-05-13 09:57:35',0),(15,'PCB-20250513-2332','2025-05-13 10:17:48',19),(16,'PCB-20250513-5566','2025-05-13 10:29:21',261),(17,'PCB-20250513-4745','2025-05-13 10:34:05',9),(18,'PCB-20250513-7217','2025-05-13 10:35:09',9),(23,'PCB-20250513-8328','2025-05-13 13:36:47',5),(25,'PCB-20250513-8467','2025-05-13 13:50:16',8),(26,'PCB-20250513-8491','2025-05-13 13:51:44',13),(27,'PCB-20250513-1534','2025-05-13 13:53:26',19),(28,'PCB-20250513-4637','2025-05-13 13:55:35',18),(29,'PCB-20250513-6480','2025-05-13 14:10:07',12),(33,'PCB-20250513-1670','2025-05-13 16:21:15',3),(35,'PCB-20250513-7448','2025-05-13 16:54:00',11),(37,'PCB-20250515-3056','2025-05-15 09:21:17',12),(38,'PCB-20250515-3914','2025-05-15 09:21:55',12),(39,'PCB-20250515-7328','2025-05-15 10:16:20',6),(40,'PCB-20250515-2416','2025-05-15 10:23:51',5),(41,'PCB-20250515-7220','2025-05-15 10:29:01',2),(42,'PCB-20250515-9393','2025-05-15 10:29:02',17),(43,'PCB-20250515-9166','2025-05-15 10:29:31',0),(44,'PCB-20250515-9015','2025-05-15 10:32:43',7),(45,'PCB-20250515-2905','2025-05-15 10:33:12',0),(46,'PCB-20250515-1135','2025-05-15 10:33:25',20),(47,'PCB-20250515-2974','2025-05-15 10:33:58',6),(48,'PCB-20250515-8495','2025-05-15 11:02:03',14),(49,'PCB-20250515-3823','2025-05-15 11:05:49',6),(50,'PCB-20250515-5534','2025-05-15 11:07:08',16),(51,'PCB-20250515-3247','2025-05-15 11:08:10',11),(52,'PCB-20250515-5100','2025-05-15 11:10:48',3),(53,'PCB-20250515-4180','2025-05-15 11:13:39',0),(54,'PCB-20250515-9686','2025-05-15 11:16:00',11),(55,'PCB-20250515-9052','2025-05-15 11:17:25',20),(56,'PCB-20250515-9906','2025-05-15 11:18:37',8),(57,'PCB-20250515-8554','2025-05-15 11:52:13',14),(58,'PCB-20250515-8814','2025-05-15 11:55:41',11),(59,'PCB-20250515-1956','2025-05-15 11:56:15',9),(60,'PCB-20250515-1638','2025-05-15 11:58:51',10),(61,'PCB-20250515-1217','2025-05-15 11:59:53',13),(62,'PCB-20250515-7986','2025-05-15 12:00:33',13),(63,'PCB-20250515-6413','2025-05-15 12:03:14',5),(64,'PCB-20250515-3073','2025-05-15 12:16:11',18),(65,'PCB-20250515-2043','2025-05-15 12:23:07',10),(66,'PCB-20250515-3676','2025-05-15 12:29:37',16),(67,'PCB-20250515-6569','2025-05-15 12:34:13',16),(68,'PCB-20250515-8707','2025-05-15 12:40:32',0),(69,'PCB-20250515-2275','2025-05-15 13:04:12',17),(70,'PCB-20250515-6484','2025-05-15 13:09:10',8),(71,'PCB-20250515-8824','2025-05-15 13:09:42',19),(72,'PCB-20250515-8858','2025-05-15 13:10:07',18),(73,'PCB-20250515-5398','2025-05-15 14:00:47',14),(74,'PCB-20250515-2061','2025-05-15 14:07:25',18),(75,'PCB-20250515-3008','2025-05-15 14:19:57',13),(76,'PCB-20250515-4066','2025-05-15 15:12:56',14),(77,'PCB-20250515-8753','2025-05-15 15:27:16',13),(78,'PCB-20250515-3168','2025-05-15 16:17:26',5),(79,'PCB-20250515-6373','2025-05-15 16:42:17',15),(80,'PCB-20250515-6668','2025-05-15 17:34:50',6),(81,'PCB-20250516-2615','2025-05-16 12:17:36',1),(82,'PCB-20250516-2352','2025-05-16 12:37:17',8),(83,'PCB-20250516-4012','2025-05-16 14:24:39',6),(84,'PCB-20250518-5263','2025-05-18 13:08:32',9),(85,'PCB-20250518-5834','2025-05-18 22:02:35',18),(86,'PCB-20250518-2666','2025-05-18 22:11:04',5),(87,'PCB-20250518-9522','2025-05-18 22:12:15',5),(88,'PCB-20250518-8043','2025-05-18 22:13:53',7),(89,'PCB-20250518-7052','2025-05-18 22:23:28',11),(90,'PCB-20250518-1303','2025-05-18 22:25:33',13),(91,'PCB-20250518-3470','2025-05-18 22:26:50',0),(92,'PCB-20250518-6657','2025-05-18 22:27:04',2),(93,'PCB-20250518-6116','2025-05-18 22:39:12',19),(94,'PCB-20250519-4344','2025-05-19 09:05:54',0),(95,'PCB-20250519-5148','2025-05-19 09:07:27',12),(96,'PCB-20250519-1305','2025-05-19 09:12:24',12),(97,'PCB-20250519-5946','2025-05-19 09:14:24',5),(98,'PCB-20250519-6235','2025-05-19 09:16:44',19),(99,'PCB-20250519-2902','2025-05-19 09:19:19',4),(100,'PCB-20250519-3946','2025-05-19 09:22:01',11),(101,'PCB-20250519-9880','2025-05-19 09:22:14',3),(102,'PCB-20250519-8184','2025-05-19 09:32:58',0),(103,'PCB-20250519-1602','2025-05-19 10:21:10',5),(104,'PCB-20250519-6805','2025-05-19 10:24:53',6),(105,'PCB-20250519-9763','2025-05-19 10:36:07',8),(106,'PCB-20250519-2317','2025-05-19 10:36:16',8),(107,'PCB-20250519-5743','2025-05-19 10:45:38',14),(108,'PCB-20250519-1734','2025-05-19 10:54:05',14),(109,'PCB-20250519-7868','2025-05-19 10:56:21',0),(110,'PCB-20250519-9522','2025-05-19 10:56:35',16),(111,'PCB-20250519-5310','2025-05-19 10:58:30',17),(112,'PCB-20250519-6732','2025-05-19 12:30:51',5),(113,'PCB-20250519-7674','2025-05-19 12:33:31',12),(114,'PCB-20250519-7503','2025-05-19 12:45:46',10),(115,'PCB-20250519-6803','2025-05-19 12:47:15',0),(116,'PCB-20250519-7727','2025-05-19 12:47:28',11),(117,'PCB-20250519-1572','2025-05-19 12:49:15',8),(118,'PCB-20250519-8049','2025-05-19 12:52:16',2),(119,'PCB-20250519-3707','2025-05-19 12:53:50',12),(120,'PCB-20250519-3611','2025-05-19 12:54:33',1),(121,'PCB-20250519-2130','2025-05-19 12:59:33',4),(122,'PCB-20250519-7162','2025-05-19 13:01:05',10),(124,'PCB-20250519-5241','2025-05-19 13:03:06',16),(125,'PCB-20250519-3183','2025-05-19 13:11:47',5),(126,'PCB-20250519-4251','2025-05-19 13:29:06',2),(127,'PCB-20250519-8696','2025-05-19 13:38:04',15),(128,'PCB-20250519-6856','2025-05-19 13:39:00',7),(129,'PCB-20250519-9176','2025-05-19 13:51:43',17),(130,'PCB-20250519-4970','2025-05-19 14:54:29',1),(131,'PCB-20250519-9459','2025-05-19 15:13:56',18),(132,'PCB-20250519-6658','2025-05-19 15:41:41',17),(133,'PCB-20250519-8114','2025-05-19 15:46:32',3),(134,'PCB-20250520-4312','2025-05-20 00:13:10',13),(135,'PCB-20250520-5875','2025-05-20 09:15:59',3),(136,'PCB-20250520-5061','2025-05-20 09:16:36',2),(137,'PCB-20250520-4484','2025-05-20 11:00:17',13),(138,'PCB-20250520-1485','2025-05-20 11:12:53',12),(139,'PCB-20250520-4246','2025-05-20 12:41:48',18),(140,'PCB-20250520-2882','2025-05-20 13:02:46',2),(141,'PCB-20250521-8021','2025-05-21 15:11:05',12),(142,'PCB-20250521-5451','2025-05-21 15:17:33',4),(143,'PCB-20250521-7619','2025-05-21 17:32:26',17),(144,'PCB-20250522-9424','2025-05-22 06:45:40',8),(145,'PCB-20250522-5081','2025-05-22 08:34:22',14),(146,'PCB-20250522-6708','2025-05-22 09:48:31',16);
/*!40000 ALTER TABLE `pcb` ENABLE KEYS */;
UNLOCK TABLES;

--
-- Table structure for table `pcb_defect`
--

DROP TABLE IF EXISTS `pcb_defect`;
/*!40101 SET @saved_cs_client     = @@character_set_client */;
/*!50503 SET character_set_client = utf8mb4 */;
CREATE TABLE `pcb_defect` (
  `pcb_defect_id` int(11) NOT NULL AUTO_INCREMENT,
  `pcb_id` int(11) NOT NULL,
  `x_position` int(11) NOT NULL,
  `y_position` int(11) NOT NULL,
  `width` double NOT NULL,
  `height` double NOT NULL,
  PRIMARY KEY (`pcb_defect_id`),
  KEY `pcb_id` (`pcb_id`),
  CONSTRAINT `pcb_defect_ibfk_1` FOREIGN KEY (`pcb_id`) REFERENCES `pcb` (`pcb_id`) ON DELETE CASCADE
) ENGINE=InnoDB AUTO_INCREMENT=1524 DEFAULT CHARSET=utf8mb4 COLLATE=utf8mb4_bin;
/*!40101 SET character_set_client = @saved_cs_client */;

--
-- Dumping data for table `pcb_defect`
--

LOCK TABLES `pcb_defect` WRITE;
/*!40000 ALTER TABLE `pcb_defect` DISABLE KEYS */;
INSERT INTO `pcb_defect` VALUES (1,1,8381,175,12.5,25),(2,1,3999,249,10.416799999999999,21),(3,1,10460,400,18.75,12),(4,1,10531,622,25,17),(5,1,4494,870,13.5418,28.000051612903224),(6,1,8226,1005,26.042199999999998,9.000051612903226),(7,1,2079,1378,16.666600000000003,17.999948387096772),(8,1,8408,1665,21.875,13.000103225806452),(9,1,11776,2302,15.625,23),(10,1,5528,2339,15.625,9.000103225806452),(11,1,10465,2523,9.375,25),(12,1,8065,2685,11.458599999999999,17.000051612903224),(13,1,11097,2811,22.916400000000003,17.000051612903224),(14,1,2114,3270,13.5416,23),(15,1,4531,3426,22.916800000000002,17.000051612903224),(16,1,2656,3825,15.625,15.000103225806452),(17,1,7411,3937,12.5,19.000051612903228),(18,1,10711,3956,21.875,15.999896774193548),(19,1,4944,3975,18.75,19.99984516129032),(20,3,4542,37,16.6664,15),(21,3,10628,185,25,18),(22,3,492,197,29.16665,19),(23,3,3994,244,16.666800000000002,20),(24,3,248,757,21.875,23),(25,3,8074,1248,15.625,22),(26,3,3869,1335,30.2082,21.000051612903228),(27,3,860,1928,12.5,26.000000000000004),(28,3,11996,1958,5.208600000000001,21.000051612903228),(29,3,4312,2354,10.416799999999999,14.999896774193552),(30,3,5110,3654,9.375,15.000103225806452),(31,3,3099,3775,9.375,27.999793548387096),(32,3,6929,3817,29.1664,11.99989677419355),(33,3,7711,3866,16.667199999999998,21.000051612903228),(34,3,6903,3903,23.958599999999997,15.000103225806452),(35,3,4141,3930,17.708199999999998,28.999948387096776),(36,3,2565,3959,23.958399999999997,17.99984516129032),(37,4,197,141,19.7917,29),(38,4,1798,158,21.875,24),(39,4,2487,198,17.708399999999997,24),(40,4,9891,1721,26.042199999999998,28.999948387096776),(41,4,65,1993,18.75,15.000103225806452),(42,4,297,2067,17.7083,19.000051612903228),(43,4,6933,2246,15.625,16.999845161290324),(44,4,571,2330,22.916600000000003,8.999948387096774),(45,4,2798,2359,16.666600000000003,12.00010322580645),(46,4,6655,2369,26.0414,17.000051612903224),(47,4,5290,3039,14.5832,28),(48,4,11736,3120,9.375,13.999896774193548),(49,4,333,3565,20.8333,9.999896774193548),(50,4,8391,3679,16.6664,23),(51,4,2377,3846,22.916800000000002,15.000103225806452),(52,4,11105,3925,16.667199999999998,13.000103225806452),(53,8,9769,123,28.125,17),(54,8,422,239,23.9583,26.000000000000004),(55,8,9811,240,30.2086,18),(56,8,6610,270,22.916400000000003,26.000000000000004),(57,8,4503,1140,23.958599999999997,12),(58,8,9309,1259,29.1664,22),(59,8,2110,1326,14.5834,21.000051612903228),(60,8,6642,1644,27.0836,23.99989677419355),(61,8,4818,1678,20.833199999999998,21.000051612903228),(62,8,11886,1778,22.917199999999998,22),(63,8,9905,1846,13.541400000000001,14.999896774193552),(64,8,3881,2181,16.666800000000002,22),(65,8,5873,2314,9.375,28.999948387096776),(66,8,1912,2325,19.791600000000003,16.999845161290324),(67,8,10534,3620,9.375,20.000258064516128),(68,8,10139,3699,29.1664,24.0002064516129),(69,8,931,3718,10.416699999999999,21.000051612903228),(70,8,1348,3777,27.0834,19.000051612903228),(71,8,9116,3819,9.375,21.000051612903228),(72,8,8215,3928,19.791400000000003,21.999845161290324),(73,12,26,48,12.5,16),(74,12,8883,123,22.917199999999998,17),(75,12,9450,264,15.625,22),(76,12,4440,1020,26.0414,12),(77,12,10724,1639,21.875,9.000051612903226),(78,12,11672,1713,9.375,10.000103225806452),(79,12,8690,2034,9.375,19.000051612903228),(80,12,2709,2732,11.458400000000001,9.999896774193548),(81,12,3874,2794,29.1668,24),(82,12,3480,3059,27.0832,11.000103225806452),(83,12,11669,3075,21.875,27.000206451612897),(84,12,11936,3385,30.2086,15.999896774193548),(85,12,1806,3662,20.833399999999997,11.000103225806452),(86,12,3259,3674,27.0832,11.000103225806452),(87,12,3349,3761,13.541400000000001,14.999690322580646),(88,12,6769,3772,11.457799999999999,28.000154838709673),(89,12,10641,3821,9.375,28.999948387096776),(90,12,7956,3950,28.125,11.000103225806452),(91,12,271,3975,30.20835,9.000103225806452),(92,15,7568,67,12.5,10),(93,15,10460,166,30.207800000000002,22),(94,15,9347,195,27.0836,24),(95,15,10099,247,27.082800000000002,24),(96,15,10931,253,10.416400000000001,24),(97,15,2774,276,22.916800000000002,10),(98,15,5508,313,10.416799999999999,16),(99,15,11128,756,15.625,20.000051612903224),(100,15,2126,1233,12.5,17.999948387096772),(101,15,4475,1521,22.916800000000002,16.999948387096776),(102,15,831,2326,22.9167,17.99984516129032),(103,15,9516,2350,19.792199999999998,10.99989677419355),(104,15,5468,2997,18.75,26.000000000000004),(105,15,7538,3038,14.583599999999999,28.999948387096776),(106,15,4583,3033,28.125,8.999948387096774),(107,15,11116,3280,15.625,28),(108,15,35,3578,28.125,25),(109,15,2358,3683,10.416799999999999,14.999690322580646),(110,15,46,3898,15.625,13.000103225806452),(111,16,10011,16,30.2086,25),(112,16,1338,38,9.375,17),(113,16,4428,42,28.125,25),(114,16,10463,37,26.042199999999998,13.000000000000002),(115,16,1013,46,13.5417,23),(116,16,1081,47,17.708399999999997,9),(117,16,9379,57,28.125,21),(118,16,10976,57,15.625,19),(119,16,4804,59,13.5418,17),(120,16,4989,65,11.458200000000001,27),(121,16,9610,73,23.957800000000002,25),(122,16,11623,69,23.958599999999997,17),(123,16,5754,75,26.0418,23),(124,16,3267,89,9.375,15),(125,16,7100,97,9.375,25),(126,16,1471,103,19.791600000000003,27),(127,16,4464,111,9.375,11),(128,16,2933,119,9.375,15),(129,16,4368,127,21.875,15),(130,16,1599,131,19.791600000000003,21),(131,16,5069,125,13.5418,9),(132,16,3538,137,19.791800000000002,27),(133,16,10135,131,30.207800000000002,9),(134,16,8260,135,19.792199999999998,11),(135,16,9510,143,28.125,21),(136,16,362,141,15.625,15),(137,16,4890,141,15.625,15),(138,16,1301,143,19.7917,15),(139,16,8890,151,28.125,29),(140,16,4617,165,28.125,25),(141,16,10635,163,23.957800000000002,21),(142,16,2554,171,26.0418,23),(143,16,547,171,9.37505,21),(144,16,4960,177,17.708199999999998,21),(145,16,2781,177,26.0416,11),(146,16,11678,185,13.541400000000001,13.000000000000002),(147,16,1158,191,26.0417,19),(148,16,6454,197,26.042199999999998,27),(149,16,9034,201,13.541400000000001,25),(150,16,3892,215,11.458200000000001,17),(151,16,10973,231,21.875,27),(152,16,9714,233,21.875,25),(153,16,8124,231,9.375,17),(154,16,8759,235,30.2086,19),(155,16,7309,257,11.458599999999999,23),(156,16,5241,261,11.458200000000001,25),(157,16,11922,263,11.457799999999999,25),(158,16,2155,265,9.375,23),(159,16,11739,277,26.0414,21),(160,16,2110,281,28.125,17),(161,16,952,291,9.375,17),(162,16,782,299,13.5417,27),(163,16,6181,305,17.707800000000002,25),(164,16,7172,309,15.625,19),(165,16,3245,317,21.875,29),(166,16,2887,319,11.458400000000001,17),(167,16,6434,319,26.0414,15),(168,16,7606,327,9.375,27),(169,16,3610,321,21.875,9),(170,16,11385,329,15.625,21),(171,16,5972,325,9.375,9),(172,16,8333,337,17.708599999999997,23),(173,16,2392,337,15.625,9),(174,16,11874,371,26.0414,19),(175,16,5692,373,28.125,17),(176,16,2130,409,23.958399999999997,27),(177,16,11696,467,28.125,11),(178,16,6912,475,19.791400000000003,16.999948387096776),(179,16,11993,485,12.5,19),(180,16,2083,487,13.5416,13.000000000000002),(181,16,2101,579,9.375,29),(182,16,4469,574,26.0418,11),(183,16,3332,677,13.5418,23),(184,16,8124,678,19.791400000000003,9),(185,16,11113,709,17.707800000000002,17),(186,16,11694,710,19.792199999999998,19),(187,16,887,741,17.708399999999997,29),(188,16,7536,735,11.458599999999999,9),(189,16,256,774,9.375,19),(190,16,11100,821,21.875,16.999948387096776),(191,16,10516,867,15.625,16.999948387096776),(192,16,11921,901,23.958599999999997,27),(193,16,4488,926,35.416799999999995,32.99994838709677),(194,16,2376,949,17.708199999999998,23),(195,16,6131,949,19.791400000000003,13.000000000000002),(196,16,212,958,23.95835,11),(197,16,10474,970,17.708599999999997,25),(198,16,3568,973,28.125,21.000051612903228),(199,16,2143,990,19.791600000000003,25),(200,16,9542,985,11.458599999999999,13.000000000000002),(201,16,847,1001,17.7083,15.000103225806452),(202,16,3091,1009,13.5418,13.000000000000002),(203,16,11645,1010,28.125,17.000051612903224),(204,16,6302,1045,17.708599999999997,27.00010322580645),(205,16,9337,1054,15.625,16.999948387096776),(206,16,3272,1061,23.958199999999998,21.000051612903228),(207,16,11734,1063,19.791400000000003,8.999948387096774),(208,16,4497,1139,19.791800000000002,11),(209,16,16,1145,15.625,15),(210,16,30,1286,23.95835,15.000103225806452),(211,16,11956,1305,28.125,27),(212,16,265,1301,17.70835,13.000000000000002),(213,16,319,1315,11.458300000000001,11),(214,16,9321,1373,15.625,21.000051612903228),(215,16,11896,1399,26.0414,17.000051612903224),(216,16,132,1449,13.54165,8.999948387096774),(217,16,6900,1489,9.375,8.999948387096774),(218,16,11095,1501,15.625,27),(219,16,8129,1522,17.707800000000002,15),(220,16,11774,1542,30.2086,25),(221,16,7188,1614,17.707800000000002,9.000051612903226),(222,16,8791,1623,19.792199999999998,23),(223,16,4677,1626,23.958199999999998,21.000051612903228),(224,16,7736,1630,11.458599999999999,27),(225,16,2031,1630,21.875,15),(226,16,6526,1637,26.042199999999998,25),(227,16,11487,1638,19.791400000000003,23),(228,16,945,1642,19.7917,28.999948387096776),(229,16,7038,1638,9.375,17.000051612903224),(230,16,319,1643,21.875,15),(231,16,4163,1653,28.125,27.00010322580645),(232,16,8410,1653,23.957800000000002,25.000103225806452),(233,16,5729,1650,21.875,12.99989677419355),(234,16,8128,1665,11.458599999999999,21.000051612903228),(235,16,11819,1670,19.792199999999998,27),(236,16,4745,1670,28.125,21.000051612903228),(237,16,6778,1679,9.375,8.999948387096774),(238,16,5400,1693,30.2082,15.000103225806452),(239,16,11638,1694,30.207800000000002,19.000051612903228),(240,16,9616,1695,11.457799999999999,14.999896774193552),(241,16,1077,1698,11.458300000000001,8.999948387096774),(242,16,2131,1746,13.5416,8.999948387096774),(243,16,23,1781,17.70835,17.000051612903224),(244,16,5086,1862,11.458200000000001,23),(245,16,6877,1902,30.2086,10.99989677419355),(246,16,11793,1962,17.708599999999997,23),(247,16,11772,2022,26.042199999999998,14.999896774193552),(248,16,9892,2087,11.458599999999999,28.999948387096776),(249,16,7519,2099,19.792199999999998,12.99989677419355),(250,16,2667,2147,13.5416,21.000051612903228),(251,16,899,2227,13.5416,18.999845161290324),(252,16,884,2246,9.375,25),(253,16,6541,2298,17.707800000000002,12.99989677419355),(254,16,701,2313,11.458300000000001,21.000051612903228),(255,16,1985,2334,30.2082,27),(256,16,8602,2331,21.875,21.000051612903228),(257,16,8031,2349,17.708599999999997,29.00015483870968),(258,16,11937,2339,30.2086,11.000103225806452),(259,16,7673,2342,23.958599999999997,8.999948387096774),(260,16,7389,2366,13.541400000000001,27),(261,16,4160,2367,13.5418,13.000103225806452),(262,16,9310,2370,19.792199999999998,8.999948387096774),(263,16,11129,2469,15.625,19.000051612903228),(264,16,5692,2506,21.875,21.000051612903228),(265,16,233,2514,13.54165,21.000051612903228),(266,16,4507,2587,11.458200000000001,27),(267,16,1482,2589,11.458200000000001,17.000051612903224),(268,16,2718,2618,17.708399999999997,19.000051612903228),(269,16,6888,2643,17.707800000000002,23),(270,16,11870,2678,28.125,27),(271,16,9295,2686,21.875,21.000051612903228),(272,16,9930,2697,21.875,28.999948387096776),(273,16,247,2710,11.458300000000001,17.000051612903224),(274,16,11771,2721,26.0414,19.000051612903228),(275,16,81,2722,26.04165,8.999948387096774),(276,16,2668,2731,21.875,13.000103225806452),(277,16,3263,2738,13.5418,13.000103225806452),(278,16,11986,2798,25,16.999845161290324),(279,16,102,2837,21.875,27),(280,16,8096,2902,9.375,14.999896774193552),(281,16,10491,2954,19.792199999999998,12.99989677419355),(282,16,8719,2981,9.375,21.000051612903228),(283,16,4518,3002,19.791400000000003,25),(284,16,2298,2998,26.0416,8.999948387096774),(285,16,10948,3002,26.0414,14.999896774193552),(286,16,11341,3037,19.792199999999998,27),(287,16,2494,3046,9.375,12.99989677419355),(288,16,8639,3050,13.541400000000001,14.999896774193552),(289,16,4478,3053,11.458599999999999,16.999845161290324),(290,16,6214,3054,21.875,17.000051612903224),(291,16,3969,3062,26.0418,15.000103225806452),(292,16,1788,3065,26.0418,15.000103225806452),(293,16,5066,3110,9.375,28.999948387096776),(294,16,9326,3138,13.5422,23),(295,16,282,3138,9.375,11.000103225806452),(296,16,1504,3162,28.125,27),(297,16,5710,3170,28.125,10.99989677419355),(298,16,317,3231,28.125,25),(299,16,11087,3399,13.541400000000001,19.000051612903228),(300,16,8739,3399,11.458599999999999,11.000103225806452),(301,16,6310,3427,9.375,21.000051612903228),(302,16,927,3459,21.875,12.999690322580646),(303,16,295,3478,19.79165,21.000051612903228),(304,16,9909,3490,23.958599999999997,28.999948387096776),(305,16,133,3502,15.625,15.000103225806452),(306,16,11797,3586,17.707800000000002,25),(307,16,3919,3610,28.125,14.999690322580646),(308,16,2284,3657,23.958399999999997,9.000103225806452),(309,16,6347,3662,23.957800000000002,15.000103225806452),(310,16,9147,3662,17.707800000000002,15.000103225806452),(311,16,6024,3685,28.125,21.000051612903228),(312,16,219,3694,13.5417,27),(313,16,57,3691,28.125,21.000051612903228),(314,16,7139,3698,23.958599999999997,25),(315,16,4112,3693,17.708599999999997,11.000103225806452),(316,16,9467,3702,28.125,19.000051612903228),(317,16,10658,3703,15.625,19.000051612903228),(318,16,614,3707,9.375,15.000103225806452),(319,16,314,3713,23.95835,10.999741935483872),(320,16,1121,3730,13.5416,19.000051612903228),(321,16,6939,3739,9.375,21.000051612903228),(322,16,7322,3738,21.875,19.000051612903228),(323,16,4139,3741,15.625,21.000051612903228),(324,16,8278,3746,13.541400000000001,13.000103225806452),(325,16,5890,3754,26.0414,28.999948387096776),(326,16,10247,3767,17.707800000000002,25),(327,16,7060,3762,11.457799999999999,13.000103225806452),(328,16,6942,3769,9.375,23),(329,16,1223,3778,15.625,23),(330,16,9700,3779,19.792199999999998,21.000051612903228),(331,16,2895,3777,26.0416,13.000103225806452),(332,16,11558,3782,17.708599999999997,12.999690322580646),(333,16,10257,3790,11.457799999999999,12.999690322580646),(334,16,3215,3810,21.875,17.000051612903224),(335,16,430,3809,21.875,10.999741935483872),(336,16,7766,3813,23.957800000000002,17.000051612903224),(337,16,7914,3815,23.958599999999997,21.000051612903228),(338,16,11962,3815,26.0414,11.000103225806452),(339,16,556,3833,13.54175,28.999948387096776),(340,16,4748,3829,21.875,11.000103225806452),(341,16,9504,3855,13.5422,27),(342,16,4680,3863,17.708199999999998,19.000051612903228),(343,16,11231,3865,21.875,9.000103225806452),(344,16,885,3870,19.7917,19.000051612903228),(345,16,2561,3879,13.5416,28.999948387096776),(346,16,10647,3886,17.707800000000002,14.999690322580646),(347,16,6283,3890,17.708599999999997,19.000051612903228),(348,16,1967,3895,9.375,11.000103225806452),(349,16,1596,3907,19.791600000000003,28.999948387096776),(350,16,4874,3901,15.625,13.000103225806452),(351,16,7980,3905,23.958599999999997,19.000051612903228),(352,16,7524,3911,11.458599999999999,25),(353,16,1945,3919,11.458400000000001,27),(354,16,4943,3927,11.458599999999999,23),(355,16,9911,3937,23.958599999999997,25),(356,16,6785,3931,28.125,10.999741935483872),(357,16,7287,3939,11.458599999999999,25),(358,16,376,3939,23.9583,10.999741935483872),(359,16,10880,3942,17.708599999999997,17.000051612903224),(360,16,820,3945,26.0417,13.000103225806452),(361,16,8059,3950,21.875,23),(362,16,3487,3951,15.625,23),(363,16,11279,3950,23.957800000000002,17.000051612903224),(364,16,3796,3963,25,20.99963870967742),(365,16,8144,3965,19.792199999999998,17.000051612903224),(366,16,10470,3967,9.375,21.000051612903228),(367,16,8243,3974,9.375,25),(368,16,11905,3970,17.708599999999997,15.000103225806452),(369,16,1219,3977,21.875,17.000051612903224),(370,16,7757,3981,11.457799999999999,19.000051612903228),(371,16,4404,3991,11.458200000000001,10.999741935483872),(372,17,4479,50,17.708199999999998,23),(373,17,9667,113,9.375,23),(374,17,1088,131,17.7083,25),(375,17,11708,471,17.708599999999997,19),(376,17,4112,1655,13.541400000000001,8.999948387096774),(377,17,2110,2414,26.0418,27),(378,17,11991,3726,16.6664,23),(379,17,943,3735,11.458400000000001,9.000103225806452),(380,17,273,3814,21.875,29.000361290322576),(381,18,6414,219,19.791400000000003,25),(382,18,11927,493,30.2086,23),(383,18,30,2777,26.04165,8.999948387096774),(384,18,181,2978,28.125,23),(385,18,9355,3006,11.458599999999999,27),(386,18,1651,3002,9.375,14.999896774193552),(387,18,6788,3014,26.042199999999998,19.000051612903228),(388,18,10003,3054,11.458599999999999,8.999948387096774),(389,18,10653,3907,26.0414,23),(390,23,9390,325,17.708599999999997,29),(391,23,11362,998,15.625,25),(392,23,2274,1675,9.375,29.00015483870968),(393,23,1310,2346,23.9583,28.999948387096776),(394,23,3527,3826,9.375,19.000051612903228),(395,25,11963,45,21.875,9),(396,25,5684,1325,19.791400000000003,10.99989677419355),(397,25,11079,1853,28.125,16.999845161290324),(398,25,7538,1865,13.5422,13.000103225806452),(399,25,8931,3047,17.708599999999997,12.99989677419355),(400,25,244,3851,9.375,23),(401,25,6779,3913,15.625,18.99963870967742),(402,25,336,3979,19.79165,9.000103225806452),(403,26,8963,59,23.957800000000002,23),(404,26,3773,305,19.791800000000002,13.000000000000002),(405,26,3296,993,13.541400000000001,16.999948387096776),(406,26,7532,1134,19.792199999999998,15),(407,26,180,1295,15.625,11),(408,26,757,1686,11.458300000000001,23),(409,26,147,1978,9.375,12.99989677419355),(410,26,11438,2333,17.707800000000002,23),(411,26,7474,2342,13.541400000000001,13.000103225806452),(412,26,5690,3075,28.125,25),(413,26,11685,3266,21.875,19.000051612903228),(414,26,147,3482,23.95835,13.000103225806452),(415,26,11607,3701,13.5422,9.000103225806452),(416,27,3362,25,26.0414,29),(417,27,10857,189,11.457799999999999,9),(418,27,1192,199,13.5417,9),(419,27,931,241,28.125,25),(420,27,10967,291,15.625,9),(421,27,1940,315,15.625,21),(422,27,6259,1254,11.457799999999999,23),(423,27,6904,1425,11.457799999999999,28.999948387096776),(424,27,10393,1646,17.708599999999997,15),(425,27,10073,1683,15.625,21.000051612903228),(426,27,1841,2375,19.791800000000002,27.000206451612897),(427,27,3893,2839,28.125,17.000051612903224),(428,27,9212,3011,9.375,17.000051612903224),(429,27,7816,3026,19.792199999999998,8.999948387096774),(430,27,11124,3169,13.541400000000001,27),(431,27,5065,3631,9.375,19.000051612903228),(432,27,11977,3814,26.0414,17.000051612903224),(433,27,3916,3854,21.875,15.000103225806452),(434,27,6654,3982,13.5422,11.000103225806452),(435,28,880,133,13.5417,15),(436,28,9985,161,13.5422,21),(437,28,9150,281,11.457799999999999,19),(438,28,8353,329,21.875,9),(439,28,11769,889,30.207800000000002,25),(440,28,322,1327,15.625,19.000051612903228),(441,28,7531,1523,9.375,11),(442,28,11968,2058,11.458599999999999,11.000103225806452),(443,28,5815,2298,9.375,14.999896774193552),(444,28,6391,2302,15.625,23),(445,28,1693,2331,15.625,25),(446,28,10629,2377,30.207800000000002,8.999948387096774),(447,28,317,2949,13.54165,14.999896774193552),(448,28,3315,2987,26.0414,27),(449,28,2964,3027,28.125400000000003,25),(450,28,5686,3261,9.375,23),(451,28,906,3557,28.125,25),(452,28,1018,3805,21.875,17.000051612903224),(453,29,9638,173,28.125,15),(454,29,6323,523,19.791400000000003,15),(455,29,5737,887,21.875,27),(456,29,876,1522,21.875,23),(457,29,9134,2311,19.791400000000003,27),(458,29,791,2362,11.458300000000001,11.000103225806452),(459,29,5126,3139,9.375,13.000103225806452),(460,29,2702,3342,23.958399999999997,21.000051612903228),(461,29,11,3466,9.375,8.999741935483872),(462,29,2557,3750,11.458200000000001,9.000103225806452),(463,29,1524,3803,9.375,19.000051612903228),(464,29,10612,3985,13.541400000000001,16.999690322580648),(465,33,10252,123,15.625,17),(466,33,7900,273,9.375,21),(467,33,8809,3798,19.791400000000003,9.000103225806452),(468,35,2556,8,21.875,15),(469,35,4236,91,30.2082,27),(470,35,10221,103,13.541400000000001,27),(471,35,3531,115,17.708599999999997,27),(472,35,843,327,21.875,17),(473,35,2497,966,30.2082,13.000000000000002),(474,35,3216,979,26.0418,16.999948387096776),(475,35,2012,991,13.5416,9.000051612903226),(476,35,7477,2434,15.625,17.000051612903224),(477,35,9706,3762,15.625,17.000051612903224),(478,35,1993,3974,13.5416,9.000103225806452),(479,37,11689,415,26.0414,11),(480,37,37,690,21.875,21),(481,37,3918,1338,28.125,15.000103225806452),(482,37,11721,1978,17.708599999999997,8.999948387096774),(483,37,45,2050,28.125,20.999845161290324),(484,37,11102,3155,30.2086,27),(485,37,8074,3421,28.125,11.000103225806452),(486,37,11087,3649,28.125,21.000051612903228),(487,37,2002,3674,9.375,21.000051612903228),(488,37,7280,3746,26.0414,27),(489,37,4669,3811,23.958199999999998,20.99963870967742),(490,37,11435,3935,15.625,13.000103225806452),(491,38,1714,215,15.625,13.000000000000002),(492,38,9071,285,17.708599999999997,27),(493,38,1797,323,21.875,23),(494,38,4101,942,13.5418,25),(495,38,8663,1171,23.957800000000002,16.999948387096776),(496,38,10182,1647,9.375,11),(497,38,4467,1662,23.958199999999998,19.000051612903228),(498,38,7481,1770,15.625,23),(499,38,9909,2071,26.0414,14.999896774193552),(500,38,9900,2466,11.457799999999999,13.000103225806452),(501,38,2087,2511,28.125,25),(502,38,263,3234,9.375,27),(503,39,6267,629,17.708599999999997,15.000051612903224),(504,39,10569,1009,11.457799999999999,18.999948387096776),(505,39,11750,1038,11.457799999999999,21.000051612903228),(506,39,2217,1651,13.5416,18.999948387096776),(507,39,7474,3658,15.625,19.000051612903228),(508,39,4190,3779,28.125,13.000103225806452),(509,40,2790,325,11.458400000000001,29),(510,40,69,493,17.70835,9.000051612903226),(511,40,3271,1277,17.708599999999997,27),(512,40,7814,2369,15.625,19.000051612903228),(513,40,11705,3690,9.375,10.999741935483872),(514,41,7757,10,21.875,17),(515,41,2758,3874,28.125,23),(516,42,5230,91,11.458200000000001,21),(517,42,5712,745,28.125,23),(518,42,1362,965,11.458200000000001,27),(519,42,8457,993,21.875,27),(520,42,11770,1859,28.125,19.000051612903228),(521,42,2717,1987,13.5416,9.000103225806452),(522,42,10195,2354,21.875,19.000051612903228),(523,42,8278,2354,26.0414,16.999845161290324),(524,42,11794,2906,28.125,27),(525,42,5120,2937,28.125,19.000051612903228),(526,42,10286,2990,23.958599999999997,19.000051612903228),(527,42,263,3241,9.375,17.000051612903224),(528,42,10486,3474,11.458599999999999,23),(529,42,5613,3861,21.875,9.000103225806452),(530,42,4840,3867,19.791400000000003,11.000103225806452),(531,42,3409,3886,9.375,28.999948387096776),(532,42,10194,3950,17.707800000000002,21.000051612903228),(533,44,8993,29,21.875,9),(534,44,2957,195,26.0418,15),(535,44,11877,1071,30.2086,25),(536,44,8704,1297,21.875,23),(537,44,6268,2958,13.5422,17.000051612903224),(538,44,10914,3686,23.958599999999997,25),(539,44,991,3827,37.5,42.00005161290323),(540,46,391,77,26.0417,27),(541,46,1958,331,15.625,19),(542,46,4493,961,28.125,17.000051612903224),(543,46,8395,969,15.625,29.00005161290323),(544,46,3871,1290,28.125,25),(545,46,4966,1674,23.958199999999998,18.999845161290324),(546,46,3269,1686,28.125,19.000051612903228),(547,46,7539,1819,19.791400000000003,12.99989677419355),(548,46,8472,2322,19.792199999999998,23),(549,46,7728,2321,9.375,19.000051612903228),(550,46,7283,2329,28.125,25),(551,46,5577,3061,15.625,23),(552,46,8665,3298,17.708599999999997,10.99989677419355),(553,46,146,3302,13.5417,17.000051612903224),(554,46,11918,3677,11.458599999999999,17.000051612903224),(555,46,5045,3682,26.0418,17.000051612903224),(556,46,10098,3726,19.791400000000003,27),(557,46,11703,3817,21.875,27),(558,46,4011,3905,28.125,21.000051612903228),(559,46,8735,3910,21.875,18.99963870967742),(560,47,3288,205,15.625,23),(561,47,6018,1018,11.458599999999999,11),(562,47,266,1778,11.458300000000001,23),(563,47,10415,3693,19.791400000000003,12.999690322580646),(564,47,6274,3758,21.875,17.000051612903224),(565,47,8796,3951,30.2086,25),(566,48,9567,21,9.375,13.000000000000002),(567,48,10930,37,11.458599999999999,9),(568,48,8114,147,19.791400000000003,25),(569,48,8650,239,13.5422,9),(570,48,2301,1003,17.708199999999998,23),(571,48,124,1574,11.45835,19.000051612903228),(572,48,2097,1602,21.875,27),(573,48,9622,1698,11.457799999999999,12.99989677419355),(574,48,3285,2402,9.375,28.999948387096776),(575,48,3339,3337,11.458200000000001,11.000103225806452),(576,48,10137,3779,19.791400000000003,23),(577,48,6445,3798,17.708599999999997,28.999948387096776),(578,48,3942,3815,28.125,12.999690322580646),(579,48,5628,3982,11.458599999999999,13.000103225806452),(580,49,1976,55,15.625,9),(581,49,11228,115,23.958599999999997,15),(582,49,11347,323,26.042199999999998,25),(583,49,10647,997,23.957800000000002,25),(584,49,7856,3795,21.875,21.000051612903228),(585,49,9666,3977,13.5422,17.000051612903224),(586,50,8657,55,28.125,21),(587,50,4757,221,17.708199999999998,23),(588,50,4964,223,28.125,29),(589,50,2595,269,11.458400000000001,13.000000000000002),(590,50,2706,1129,17.708399999999997,15),(591,50,10473,1222,28.125,11),(592,50,9285,1225,19.792199999999998,10.99989677419355),(593,50,8588,1638,19.792199999999998,10.99989677419355),(594,50,6878,1881,9.375,25),(595,50,6863,2234,11.457799999999999,13.000103225806452),(596,50,11783,2315,19.791400000000003,13.000103225806452),(597,50,7553,2386,15.625,11.000103225806452),(598,50,2115,2454,9.375,10.99989677419355),(599,50,321,2527,23.95835,14.999896774193552),(600,50,8676,3486,19.792199999999998,8.999741935483872),(601,50,10645,3742,21.875,13.000103225806452),(602,51,9929,261,28.125,17),(603,51,10589,983,28.125,15),(604,51,6244,1625,17.708599999999997,23),(605,51,8502,1641,17.708599999999997,9.000051612903226),(606,51,9079,1683,13.5422,25),(607,51,7223,2347,17.708599999999997,28.999948387096776),(608,51,144,2478,9.375,10.99989677419355),(609,51,11555,3017,26.0414,15.000103225806452),(610,51,5735,3030,19.791800000000002,12.99989677419355),(611,51,8919,3807,11.457799999999999,11.000103225806452),(612,51,4237,3901,28.125,19.000051612903228),(613,52,248,1621,9.375,16.999948387096776),(614,52,428,2305,15.625,21.000051612903228),(615,52,11681,2570,15.625,10.99989677419355),(616,54,10423,149,11.458599999999999,11),(617,54,9737,323,28.125,23),(618,54,6307,673,19.791400000000003,9),(619,54,6908,678,28.125,17),(620,54,51,2478,28.125,18.999845161290324),(621,54,1495,2522,11.458400000000001,19.000051612903228),(622,54,11802,2562,21.875,11.000103225806452),(623,54,7518,2913,19.791400000000003,11.000103225806452),(624,54,5743,2991,28.125,13.000103225806452),(625,54,8024,3022,21.875,19.000051612903228),(626,54,29,3526,13.54165,21.000051612903228),(627,55,6882,29,28.125,11),(628,55,11993,79,12.5,23),(629,55,3986,95,17.708199999999998,23),(630,55,6506,197,13.541400000000001,25),(631,55,1044,279,11.458300000000001,11),(632,55,6715,309,26.0414,9),(633,55,1204,325,23.9583,25),(634,55,238,554,23.9583,19),(635,55,9288,823,30.207800000000002,17.000051612903224),(636,55,7455,942,15.625,15),(637,55,3864,954,30.2082,18.999948387096776),(638,55,2684,1218,19.791600000000003,22.999896774193548),(639,55,5516,1626,21.875,13.000000000000002),(640,55,4409,1694,13.541400000000001,23),(641,55,911,2119,21.875,25),(642,55,1990,2331,11.458400000000001,21.000051612903228),(643,55,6193,3681,19.792199999999998,11.000103225806452),(644,55,11753,3730,15.625,15.000103225806452),(645,55,8553,3754,15.625,15.000103225806452),(646,55,6220,3763,19.791400000000003,8.999741935483872),(647,56,656,14,11.458400000000001,9),(648,56,5173,247,28.125,11),(649,56,11853,667,21.875,29),(650,56,11665,686,23.958599999999997,25),(651,56,2521,1614,28.125,13.000000000000002),(652,56,322,1915,28.125,9.000103225806452),(653,56,1690,3663,26.0416,23),(654,56,10274,3779,28.125,21.000051612903228),(655,57,8940,225,19.791400000000003,29),(656,57,2128,635,15.625,23),(657,57,8700,1206,23.957800000000002,20.999948387096776),(658,57,11984,1422,28.125,27),(659,57,7500,1902,15.625,25),(660,57,4599,2987,21.875,25),(661,57,11268,3010,30.2086,17.000051612903224),(662,57,173,3389,23.95835,27),(663,57,11767,3530,15.625,25),(664,57,9578,3699,11.458599999999999,25),(665,57,6743,3811,13.541400000000001,11.000103225806452),(666,57,908,3825,17.7083,13.000103225806452),(667,57,8776,3861,19.792199999999998,23),(668,57,144,3945,9.375,11.000103225806452),(669,58,9598,109,28.125,23),(670,58,7335,295,15.625,19),(671,58,5064,1270,17.708199999999998,18.999948387096776),(672,58,1470,1422,21.875,15),(673,58,517,2987,15.625,25),(674,58,3713,2998,19.791800000000002,16.999845161290324),(675,58,1722,3025,28.125,16.999845161290324),(676,58,10233,3694,23.958599999999997,25),(677,58,9870,3798,26.0414,19.000051612903228),(678,58,11091,3891,9.375,23),(679,58,9802,3893,26.0414,17.000051612903224),(680,59,812,13,13.5416,27),(681,59,6504,235,19.792199999999998,13.000000000000002),(682,59,2947,1693,9.375200000000001,8.999948387096774),(683,59,11124,1986,19.791400000000003,15.000103225806452),(684,59,9069,2315,21.875,21.000051612903228),(685,59,3940,2419,13.541400000000001,27),(686,59,4289,3665,19.791800000000002,21.000051612903228),(687,59,8619,3698,30.207800000000002,15.000103225806452),(688,59,5877,3882,28.125,23),(689,60,11287,127,9.375,17),(690,60,248,161,26.04165,11),(691,60,5065,319,23.958599999999997,21),(692,60,9280,345,9.375,11),(693,60,1121,1006,11.458400000000001,13.000000000000002),(694,60,6904,1125,23.957800000000002,17.000051612903224),(695,60,6782,1658,23.957800000000002,9.000103225806452),(696,60,4474,3598,13.541400000000001,17.000051612903224),(697,60,2360,3669,17.708199999999998,28.999948387096776),(698,60,771,3721,28.125,15.000103225806452),(699,61,2467,34,26.0416,13.000000000000002),(700,61,5420,83,9.375,11),(701,61,7153,187,11.458599999999999,17),(702,61,4797,219,9.375,27),(703,61,49,381,17.70835,23),(704,61,2085,523,23.958199999999998,9),(705,61,797,949,23.9583,13.000000000000002),(706,61,3360,2329,19.791800000000002,16.999845161290324),(707,61,10079,2350,11.457799999999999,10.99989677419355),(708,61,5170,2991,30.2082,23),(709,61,5722,3289,26.0418,19.000051612903228),(710,61,9872,3298,21.875,17.000051612903224),(711,61,9687,3979,13.541400000000001,28.999948387096776),(712,62,7509,697,26.0414,22.999948387096776),(713,62,5343,974,28.125,11),(714,62,301,1905,9.375,21.000051612903228),(715,62,11923,1919,26.0414,10.99989677419355),(716,62,159,2034,9.375,19.000051612903228),(717,62,11876,2214,28.125,21.000051612903228),(718,62,3124,2350,15.625,16.999845161290324),(719,62,2116,2542,9.375,17.000051612903224),(720,62,188,2865,26.0417,23),(721,62,8716,3343,13.5422,25),(722,62,8150,3799,26.0414,17.000051612903224),(723,62,835,3978,23.9583,27),(724,62,3759,3974,26.0414,15.000103225806452),(725,63,1530,659,15.625,17),(726,63,6720,1645,26.0414,22.999896774193548),(727,63,11885,2674,26.042199999999998,29.00015483870968),(728,63,11858,3821,15.625,28.999948387096776),(729,63,3906,3854,9.375,15.000103225806452),(730,64,303,67,11.45835,9),(731,64,7497,87,13.5422,15),(732,64,11619,155,26.042199999999998,19),(733,64,11884,185,17.708599999999997,19),(734,64,9489,227,23.958599999999997,19),(735,64,523,263,15.625,27),(736,64,4829,325,30.2082,21),(737,64,11069,935,17.707800000000002,25),(738,64,3985,954,28.125,27),(739,64,9314,2103,19.791400000000003,27),(740,64,173,2157,15.625,15.000103225806452),(741,64,9317,2185,13.541400000000001,28.999948387096776),(742,64,6686,2305,13.541400000000001,12.99989677419355),(743,64,6865,2974,15.625,10.99989677419355),(744,64,2083,3638,26.0416,20.99963870967742),(745,64,4491,3698,26.0418,17.000051612903224),(746,64,4949,3883,13.541400000000001,28.999948387096776),(747,64,2564,3978,23.958399999999997,25),(748,65,280,263,19.79165,15),(749,65,11323,946,11.458599999999999,27),(750,65,1731,950,11.458400000000001,25),(751,65,7470,1078,19.791400000000003,21.000051612903228),(752,65,5081,1730,26.0414,17.000051612903224),(753,65,2657,2039,13.5418,13.000103225806452),(754,65,11084,2201,28.125,18.999845161290324),(755,65,2840,2310,19.791600000000003,17.000051612903224),(756,65,11512,3910,21.875,21.000051612903228),(757,65,1868,3982,26.0416,23),(758,66,6724,8,13.541400000000001,13.000000000000002),(759,66,4918,15,21.875,23),(760,66,6572,237,23.957800000000002,17),(761,66,8128,283,26.0414,19),(762,66,5666,702,15.625,22.999948387096776),(763,66,11097,799,13.5422,25),(764,66,11092,2150,23.958599999999997,27.000206451612897),(765,66,11434,2341,19.791400000000003,25),(766,66,2708,2701,30.2084,8.999948387096774),(767,66,1507,2849,21.875,27),(768,66,10467,3657,26.0414,21.000051612903228),(769,66,2207,3698,26.0418,27),(770,66,7600,3718,23.958599999999997,28.999948387096776),(771,66,8500,3785,26.042199999999998,23),(772,66,137,3897,26.04165,28.999948387096776),(773,66,8322,3930,28.125,11.000103225806452),(774,67,11870,83,30.2086,13.000000000000002),(775,67,5818,313,21.875,17),(776,67,3889,345,19.791800000000002,27),(777,67,4534,365,23.958599999999997,29),(778,67,2820,942,30.2084,21.000051612903228),(779,67,8953,953,30.2086,11),(780,67,583,961,19.7917,15),(781,67,8155,970,9.375,16.999948387096776),(782,67,4266,1011,13.5418,15.000103225806452),(783,67,3863,1358,23.958199999999998,15),(784,67,11613,1619,28.125,22.999896774193548),(785,67,3297,2937,30.2082,15.000103225806452),(786,67,5092,3122,17.708199999999998,21.000051612903228),(787,67,10509,3626,15.625,11.000103225806452),(788,67,11985,3731,28.125,15.000103225806452),(789,67,519,3870,13.5417,13.000103225806452),(790,69,8691,243,23.957800000000002,11),(791,69,259,283,13.54165,9),(792,69,8060,501,13.5422,9.000051612903226),(793,69,54,822,13.54165,21.000051612903228),(794,69,4257,1675,28.125,20.999845161290324),(795,69,9345,1677,19.791400000000003,14.999896774193552),(796,69,10495,2222,19.791400000000003,10.99989677419355),(797,69,11915,2305,9.375,27),(798,69,11687,2794,26.0414,27),(799,69,5669,3126,23.958199999999998,12.99989677419355),(800,69,11668,3418,21.875,9.000103225806452),(801,69,3888,3619,19.791800000000002,27),(802,69,2397,3730,26.0418,19.000051612903228),(803,69,8317,3757,21.875,9.000103225806452),(804,69,609,3865,26.0416,14.999690322580646),(805,69,8507,3869,19.792199999999998,9.000103225806452),(806,69,2048,3906,19.791600000000003,8.999741935483872),(807,70,2249,23,11.458400000000001,11),(808,70,3486,221,26.0418,27),(809,70,3921,1158,30.2086,15),(810,70,8726,3065,28.125,28.999948387096776),(811,70,9336,3258,15.625,15.000103225806452),(812,70,10093,3846,15.625,27),(813,70,355,3854,21.875,21.000051612903228),(814,70,8844,3958,26.042199999999998,21.000051612903228),(815,71,4029,143,17.708199999999998,9),(816,71,1440,235,11.458400000000001,13.000000000000002),(817,71,2391,275,15.625,25),(818,71,5691,327,23.958199999999998,27),(819,71,5116,435,13.5418,27),(820,71,9327,830,17.708599999999997,19),(821,71,10806,946,11.458599999999999,25),(822,71,6989,973,9.375,13.000000000000002),(823,71,11710,1010,15.625,23),(824,71,8,1199,15.625,15.000103225806452),(825,71,11115,1790,11.458599999999999,17.000051612903224),(826,71,4999,2307,17.708599999999997,17.000051612903224),(827,71,11037,3006,26.0414,28.999948387096776),(828,71,11778,3398,19.791400000000003,17.000051612903224),(829,71,5257,3731,30.2082,19.000051612903228),(830,71,7576,3774,26.042199999999998,25),(831,71,1433,3794,17.708399999999997,28.999948387096776),(832,71,2507,3850,23.958199999999998,9.000103225806452),(833,71,11507,3946,11.457799999999999,13.000103225806452),(834,72,2561,37,17.708399999999997,13.000000000000002),(835,72,5040,59,17.708599999999997,21),(836,72,8410,181,9.375,27),(837,72,11004,235,15.625,13.000000000000002),(838,72,2139,746,11.458400000000001,29),(839,72,7567,958,23.958599999999997,18.999948387096776),(840,72,5478,1013,19.791400000000003,15.000103225806452),(841,72,929,1086,30.2083,21.000051612903228),(842,72,10520,1643,21.875,16.999948387096776),(843,72,885,2018,28.125,15.000103225806452),(844,72,3919,2318,26.0418,27),(845,72,11685,2559,17.707800000000002,25),(846,72,5568,3042,23.958599999999997,23),(847,72,3184,3675,17.708599999999997,19.000051612903228),(848,72,8414,3855,11.458599999999999,25),(849,72,3485,3894,13.5418,25),(850,72,9465,3891,9.375,13.000103225806452),(851,72,857,3931,21.875,27),(852,73,427,89,30.20835,13.000000000000002),(853,73,4336,133,26.0418,11),(854,73,45,841,15.625,19.000051612903228),(855,73,11710,886,23.957800000000002,17.000051612903224),(856,73,7628,938,21.875,21.000051612903228),(857,73,9259,1510,17.708599999999997,17.000051612903224),(858,73,11410,1635,17.707800000000002,27),(859,73,3566,1646,9.375,20.999948387096776),(860,73,7559,1650,15.625,16.999948387096776),(861,73,5876,3049,17.708199999999998,16.999845161290324),(862,73,9759,3694,9.375,10.999741935483872),(863,73,9791,3817,9.375,17.000051612903224),(864,73,8206,3845,15.625,17.000051612903224),(865,73,5660,3974,30.2082,9.000103225806452),(866,74,7155,31,21.875,9),(867,74,252,93,11.45835,29),(868,74,421,101,19.79165,29),(869,74,11980,111,30.2086,19),(870,74,8958,183,9.375,13.000000000000002),(871,74,4069,187,11.458200000000001,19),(872,74,1260,946,23.9583,13.000000000000002),(873,74,7619,950,11.457799999999999,10.99989677419355),(874,74,5054,994,23.958199999999998,15),(875,74,5066,1154,9.375,11),(876,74,11562,1693,15.625,25),(877,74,3890,1782,15.625,28.999948387096776),(878,74,10761,2299,13.541400000000001,20.999845161290324),(879,74,3909,2446,30.2086,28.999948387096776),(880,74,11668,3018,30.2086,8.999948387096774),(881,74,6276,3290,19.791400000000003,17.000051612903224),(882,74,6687,3850,26.0414,11.000103225806452),(883,74,6708,3890,23.958599999999997,21.000051612903228),(884,75,2406,91,30.2084,15),(885,75,895,145,9.375,9),(886,75,9263,175,11.457799999999999,23),(887,75,2735,333,17.708199999999998,25),(888,75,6879,539,26.042199999999998,27),(889,75,9885,891,26.042199999999998,13.000000000000002),(890,75,3281,1638,19.791400000000003,13.000103225806452),(891,75,3765,1682,21.875,19.000051612903228),(892,75,9543,1687,11.458599999999999,27),(893,75,11098,2181,21.875,10.99989677419355),(894,75,9439,3729,26.0414,27),(895,75,6641,3777,17.707800000000002,23),(896,75,3335,3903,21.875,11.000103225806452),(897,76,8274,11,15.625,17),(898,76,10383,123,11.458599999999999,25),(899,76,830,153,19.7917,15),(900,76,3334,855,26.0414,13.000000000000002),(901,76,7633,1010,28.125,21.000051612903228),(902,76,8074,1087,11.458599999999999,25),(903,76,2098,1434,21.875,9.000051612903226),(904,76,8670,2173,9.375,18.999845161290324),(905,76,7386,2307,9.375,21.000051612903228),(906,76,3903,2495,21.875,27),(907,76,78,2519,9.375,25),(908,76,9908,2674,21.875,12.99989677419355),(909,76,7586,2987,11.458599999999999,9.000103225806452),(910,76,7356,3846,15.625,19.000051612903228),(911,77,4581,59,28.125,17),(912,77,5596,79,11.458599999999999,13.000000000000002),(913,77,10210,219,26.042199999999998,27),(914,77,1537,570,15.625,21),(915,77,11170,1679,30.2086,21.000051612903228),(916,77,3507,1695,21.875,27),(917,77,8834,2325,17.708599999999997,25),(918,77,3643,3031,30.2086,8.999948387096774),(919,77,11110,3194,28.125,28.999948387096776),(920,77,8222,3674,23.957800000000002,28.999948387096776),(921,77,8508,3742,9.375,25),(922,77,11738,3813,19.792199999999998,27.000361290322584),(923,77,9273,3814,30.2086,19.000051612903228),(924,78,1402,2327,17.708399999999997,12.99989677419355),(925,78,3304,2938,15.625,21.000051612903228),(926,78,6023,3809,15.625,27),(927,78,7931,3917,26.0414,9.000103225806452),(928,78,5532,3962,15.625,23),(929,79,3351,57,15.625,15),(930,79,1628,67,11.458400000000001,19),(931,79,3198,285,26.0418,17),(932,79,827,986,28.125,9.000051612903226),(933,79,7654,1019,13.5422,15),(934,79,7484,2202,19.791400000000003,8.999948387096774),(935,79,8826,2315,15.625,9.000103225806452),(936,79,9183,2370,19.791400000000003,21.000051612903228),(937,79,4199,3023,11.458599999999999,10.99989677419355),(938,79,10250,3058,28.125,15.000103225806452),(939,79,2732,3183,17.708199999999998,27),(940,79,685,3666,13.5417,23),(941,79,3465,3735,30.2086,9.000103225806452),(942,79,8330,3741,23.958599999999997,8.999741935483872),(943,79,6526,3814,26.042199999999998,20.99963870967742),(944,80,788,53,26.0417,9),(945,80,4045,289,17.708199999999998,23),(946,80,4349,1622,21.875,15),(947,80,6327,2702,13.541400000000001,28.999948387096776),(948,80,6587,3007,15.625,11.000103225806452),(949,80,3207,3818,13.5418,10.999741935483872),(950,81,4288,3858,15.625,11.000103225806452),(951,82,2114,261,13.5416,15),(952,82,8926,962,15.625,23),(953,82,199,1098,30.20835,9.000051612903226),(954,82,10483,1287,17.708599999999997,17.000051612903224),(955,82,2127,1370,17.708399999999997,25),(956,82,5887,1682,19.791400000000003,28.999948387096776),(957,82,11098,3119,19.791400000000003,27),(958,82,281,3362,13.54165,8.999741935483872),(959,83,9853,167,13.541400000000001,29),(960,83,11512,175,9.375,23),(961,83,4534,335,9.375,21),(962,83,10044,973,19.792199999999998,15),(963,83,10442,999,17.708599999999997,25),(964,83,122,2070,21.875,10.99989677419355),(965,84,11245,171,13.541400000000001,13.000000000000002),(966,84,6326,377,30.207800000000002,15),(967,84,898,435,28.125,19),(968,84,5065,1458,17.708599999999997,23),(969,84,3935,2306,19.791800000000002,8.999948387096774),(970,84,2059,2339,26.0416,11.000103225806452),(971,84,8666,2518,19.792199999999998,27),(972,84,2995,2991,19.791800000000002,15.000103225806452),(973,84,6546,3766,23.958599999999997,11.000103225806452),(974,85,7938,65,17.707800000000002,13.000000000000002),(975,85,10655,105,23.958599999999997,21),(976,85,3190,169,11.458599999999999,25),(977,85,4770,195,15.625,13.000000000000002),(978,85,4105,335,30.2082,15),(979,85,2723,806,19.791600000000003,15),(980,85,8090,974,21.875,17.000051612903224),(981,85,2081,1901,15.625,25),(982,85,3934,2781,19.791400000000003,17.000051612903224),(983,85,11852,2838,11.458599999999999,19.000051612903228),(984,85,3862,2874,19.791400000000003,10.99989677419355),(985,85,6935,3461,17.707800000000002,14.999690322580646),(986,85,11891,3478,15.625,25),(987,85,1515,3522,26.0416,21.000051612903228),(988,85,2874,3665,15.625,13.000103225806452),(989,85,7554,3698,30.207800000000002,17.000051612903224),(990,85,2813,3767,28.125,12.999690322580646),(991,85,7219,3911,13.5422,15.000103225806452),(992,86,11595,145,28.125,19),(993,86,2058,339,23.958399999999997,17),(994,86,3908,867,19.791800000000002,16.999948387096776),(995,86,5669,2043,23.958199999999998,10.99989677419355),(996,86,4818,3031,9.375,25),(997,87,11108,1694,30.2086,23),(998,87,3710,2301,21.875,14.999896774193552),(999,87,3265,2721,30.2086,14.999896774193552),(1000,87,1383,3875,13.5416,19.000051612903228),(1001,87,9435,3917,9.375,10.999741935483872),(1002,88,7584,155,23.958599999999997,25),(1003,88,11680,662,9.375,9.000051612903226),(1004,88,11832,1229,17.707800000000002,21.000051612903228),(1005,88,8117,1635,17.708599999999997,28.999948387096776),(1006,88,6296,2378,11.457799999999999,21.000051612903228),(1007,88,5128,2794,30.2086,10.99989677419355),(1008,88,1752,3986,26.0416,21.000051612903228),(1009,89,5729,119,28.125,17),(1010,89,2537,249,28.125,25),(1011,89,1766,267,28.125,25),(1012,89,1531,1098,17.708399999999997,9.000051612903226),(1013,89,7460,1378,19.792199999999998,28.999948387096776),(1014,89,3285,1505,21.875,16.999948387096776),(1015,89,11696,2130,23.958599999999997,17.000051612903224),(1016,89,5668,2965,15.625,13.000103225806452),(1017,89,31,3526,21.875,17.000051612903224),(1018,89,5045,3678,28.125,9.000103225806452),(1019,89,9043,3689,11.458599999999999,16.999690322580648),(1020,90,9771,203,11.458599999999999,11),(1021,90,3611,219,28.125,17),(1022,90,2430,223,9.375,19),(1023,90,6915,311,15.625,27),(1024,90,11834,706,21.875,19),(1025,90,6920,878,19.791400000000003,23),(1026,90,6283,1489,19.791400000000003,17.000051612903224),(1027,90,2566,1667,23.958199999999998,23),(1028,90,2702,2591,23.958399999999997,15.000103225806452),(1029,90,11826,3298,19.792199999999998,10.99989677419355),(1030,90,1066,3785,28.125,11.000103225806452),(1031,90,2990,3855,17.708199999999998,17.000051612903224),(1032,90,7709,3990,9.375,11.000103225806452),(1033,92,11841,1338,28.125,27),(1034,92,6939,2186,15.625,27),(1035,93,11043,65,26.0414,17),(1036,93,11594,165,28.125,11),(1037,93,8493,233,19.791400000000003,11),(1038,93,1520,313,9.375,25),(1039,93,11911,399,30.2086,25),(1040,93,1484,431,17.708399999999997,23),(1041,93,915,990,26.0416,21.000051612903228),(1042,93,135,1155,9.375,15),(1043,93,5115,1434,19.791400000000003,23),(1044,93,6867,1541,26.0414,19.000051612903228),(1045,93,11112,1907,19.791400000000003,27),(1046,93,8710,1966,23.957800000000002,21.000051612903228),(1047,93,7462,2319,26.0414,17.000051612903224),(1048,93,7708,2378,26.0414,8.999948387096774),(1049,93,10948,2977,11.458599999999999,8.999948387096774),(1050,93,11110,3046,17.707800000000002,28.999948387096776),(1051,93,3135,3671,19.791800000000002,17.000051612903224),(1052,93,541,3793,15.625,23),(1053,93,2858,3793,19.791600000000003,8.999741935483872),(1054,95,1810,73,13.5418,21),(1055,95,984,223,15.625,17),(1056,95,3690,327,28.125,29),(1057,95,3279,674,9.375,27),(1058,95,11921,822,11.458599999999999,21.000051612903228),(1059,95,2937,1649,11.458400000000001,26.99989677419355),(1060,95,3938,1858,15.625,19.000051612903228),(1061,95,8812,3038,28.125,19.000051612903228),(1062,95,9404,3671,19.792199999999998,9.000103225806452),(1063,95,9967,3838,13.541400000000001,18.99963870967742),(1064,95,7969,3873,30.207800000000002,27),(1065,95,9488,3882,28.125,12.999690322580646),(1066,96,11630,29,9.375,9),(1067,96,646,45,9.375,17),(1068,96,5863,59,26.0418,25),(1069,96,4706,175,28.125,21),(1070,96,11363,327,15.625,21),(1071,96,146,521,21.875,29),(1072,96,10474,901,21.875,15.000103225806452),(1073,96,11889,899,28.125,10.99989677419355),(1074,96,8,1331,15.625,15),(1075,96,7536,1385,15.625,13.000000000000002),(1076,96,8003,1694,11.458599999999999,21.000051612903228),(1077,96,7500,3767,15.625,15.000103225806452),(1078,97,3029,247,13.541400000000001,29),(1079,97,679,299,21.875,25),(1080,97,5002,2338,9.375,17.000051612903224),(1081,97,7341,3011,28.125,19.000051612903228),(1082,97,4395,3719,13.5418,15.000103225806452),(1083,98,6902,73,19.791400000000003,9),(1084,98,6454,149,23.957800000000002,13.000000000000002),(1085,98,5902,193,13.5418,17),(1086,98,2795,231,28.125,27),(1087,98,11719,403,28.125,21),(1088,98,5695,411,15.625,9),(1089,98,9816,961,15.625,17.000051612903224),(1090,98,8354,978,13.5422,25),(1091,98,9308,1394,26.0414,18.999948387096776),(1092,98,424,1670,26.04165,21.000051612903228),(1093,98,5111,2807,13.5418,17.000051612903224),(1094,98,903,2961,19.791600000000003,23),(1095,98,269,3542,28.125,12.999690322580646),(1096,98,3916,3678,28.125,9.000103225806452),(1097,98,6876,3717,28.125,23),(1098,98,9824,3742,28.125,19.000051612903228),(1099,98,11360,3795,28.125,11.000103225806452),(1100,98,8224,3846,19.791400000000003,19.000051612903228),(1101,98,1610,3982,28.125,19.000051612903228),(1102,99,8518,267,21.875,25),(1103,99,6286,391,28.125,23),(1104,99,7162,1690,21.875,11.000103225806452),(1105,99,9244,3741,17.707800000000002,23),(1106,100,10962,12,26.0414,21),(1107,100,308,23,9.375,11),(1108,100,10144,41,17.707800000000002,17),(1109,100,531,45,9.375,23),(1110,100,8098,299,19.791400000000003,29),(1111,100,9134,978,26.0414,15),(1112,100,1702,2306,13.5416,19.000051612903228),(1113,100,5691,2782,11.458200000000001,11.000103225806452),(1114,100,8107,3129,9.375,28.999948387096776),(1115,100,6334,3639,11.458599999999999,17.000051612903224),(1116,100,1930,3922,11.458400000000001,27),(1117,101,3974,239,21.875,27),(1118,101,2768,3030,15.625,27),(1119,101,9133,3050,19.791400000000003,25),(1120,103,6854,289,9.375,11),(1121,103,3915,1165,28.125,23),(1122,103,5735,1166,11.458200000000001,16.999948387096776),(1123,103,914,3818,30.2083,25),(1124,103,9378,3881,17.708599999999997,17.000051612903224),(1125,104,3056,211,19.791400000000003,9),(1126,104,2317,267,9.375,29),(1127,104,137,818,13.54165,13.000000000000002),(1128,104,11704,1931,28.125,19.000051612903228),(1129,104,7809,2990,28.125,11.000103225806452),(1130,104,8107,3810,19.792199999999998,15.000103225806452),(1131,105,11996,203,5.208600000000001,11),(1132,105,4211,259,11.458200000000001,15),(1133,105,11683,582,19.791400000000003,16.999948387096776),(1134,105,8765,1663,11.458599999999999,9.000103225806452),(1135,105,8071,2962,11.458599999999999,21.000051612903228),(1136,105,1164,3058,30.2083,17.000051612903224),(1137,105,11871,3214,17.708599999999997,19.000051612903228),(1138,105,9891,3854,23.957800000000002,19.000051612903228),(1139,106,4865,165,13.541400000000001,23),(1140,106,4989,163,15.625,11),(1141,106,9270,821,9.375,15),(1142,106,187,1045,17.70835,13.000000000000002),(1143,106,8124,3365,17.708599999999997,25),(1144,106,6576,3802,11.457799999999999,21.000051612903228),(1145,106,9973,3891,23.958599999999997,28.999948387096776),(1146,106,9348,3922,28.125,17.000051612903224),(1147,107,10316,65,28.125,23),(1148,107,7034,287,11.458599999999999,27),(1149,107,10322,297,17.707800000000002,21),(1150,107,9774,319,19.791400000000003,29),(1151,107,4682,995,13.5418,18.999948387096776),(1152,107,11780,1937,15.625,15.000103225806452),(1153,107,328,2550,9.375,16.999845161290324),(1154,107,6515,3026,28.125,27.000206451612897),(1155,107,162,3255,21.875,21.000051612903228),(1156,107,176,3517,30.2083,9.000103225806452),(1157,107,140,3723,23.95835,25),(1158,107,10454,3781,11.457799999999999,15.000103225806452),(1159,107,5613,3823,23.958199999999998,9.000103225806452),(1160,107,1176,3862,30.2083,23),(1161,108,4765,47,19.791400000000003,9),(1162,108,7488,225,23.957800000000002,25),(1163,108,5367,223,23.958199999999998,15),(1164,108,10467,277,19.791400000000003,17),(1165,108,5096,710,11.458599999999999,21),(1166,108,572,998,30.2083,8.999948387096774),(1167,108,3602,1627,28.125,25),(1168,108,8683,1706,19.791400000000003,17.000051612903224),(1169,108,11976,2758,9.375,27),(1170,108,8887,3721,28.125,23),(1171,108,9919,3810,15.625,15.000103225806452),(1172,108,9950,3895,13.5422,17.000051612903224),(1173,108,11462,3926,17.708599999999997,21.000051612903228),(1174,108,8943,3957,11.458599999999999,23),(1175,110,3761,79,9.375,27),(1176,110,5468,199,23.958599999999997,19),(1177,110,2511,253,15.625,23),(1178,110,11641,321,28.125,11),(1179,110,9295,417,26.0414,18.999948387096776),(1180,110,4488,1045,23.958199999999998,18.999948387096776),(1181,110,2430,1630,13.5416,27),(1182,110,7953,1643,17.708599999999997,27),(1183,110,3327,1686,11.458200000000001,17.000051612903224),(1184,110,5678,2145,26.0414,27),(1185,110,2674,2939,15.625,17.000051612903224),(1186,110,641,3025,28.125,25),(1187,110,7161,3026,11.458599999999999,10.99989677419355),(1188,110,357,3826,19.7917,17.000051612903224),(1189,110,5065,3838,21.875,25),(1190,110,10578,3951,30.2086,21.000051612903228),(1191,111,2673,18,9.375,13.000000000000002),(1192,111,11192,107,17.708599999999997,29),(1193,111,11828,159,26.0414,19),(1194,111,2770,211,15.625,13.000000000000002),(1195,111,9088,215,13.5422,19),(1196,111,9557,241,9.375,11),(1197,111,262,911,28.125,15.000103225806452),(1198,111,8733,930,21.875,22.999896774193548),(1199,111,4403,1695,26.0414,27),(1200,111,885,2458,17.7083,11.000103225806452),(1201,111,11946,2502,15.625,21.000051612903228),(1202,111,209,2785,17.70835,17.000051612903224),(1203,111,846,2979,15.625,8.999948387096774),(1204,111,3940,3865,23.958599999999997,23),(1205,111,11327,3899,13.541400000000001,13.000103225806452),(1206,111,4412,3906,28.125,21.000051612903228),(1207,111,5724,3985,26.0414,12.999690322580646),(1208,112,5426,987,23.958199999999998,28.999948387096776),(1209,112,5090,1994,28.125,13.000103225806452),(1210,112,4471,2966,17.708599999999997,21.000051612903228),(1211,112,794,3782,30.2083,10.999741935483872),(1212,112,7447,3874,23.957800000000002,11.000103225806452),(1213,113,6521,8,17.708599999999997,9),(1214,113,11415,177,15.625,13.000000000000002),(1215,113,1601,277,11.458200000000001,29),(1216,113,1302,291,15.625,15),(1217,113,3923,389,21.875,21),(1218,113,6258,946,28.125,27),(1219,113,5460,958,17.708199999999998,23),(1220,113,6280,1503,30.2086,27),(1221,113,4585,2310,15.625,27),(1222,113,5433,2306,28.125,10.99989677419355),(1223,113,11371,2374,15.625,25),(1224,113,4464,2790,15.625,21.000051612903228),(1225,114,9823,59,26.0414,15),(1226,114,4178,115,19.791400000000003,17),(1227,114,5659,247,26.0414,17),(1228,114,616,317,9.375,9),(1229,114,11159,1010,17.708599999999997,23),(1230,114,11945,1771,19.791400000000003,12.99989677419355),(1231,114,2219,2333,9.375,28.999948387096776),(1232,114,3909,3075,21.875,10.99989677419355),(1233,114,5964,3851,11.458200000000001,17.000051612903224),(1234,114,10150,3975,28.125,17.000051612903224),(1235,116,4241,71,26.0418,25),(1236,116,8819,89,28.125,27),(1237,116,2854,107,21.875,15),(1238,116,176,107,23.9583,9),(1239,116,10894,143,15.625,11),(1240,116,7036,339,13.541400000000001,17),(1241,116,113,355,17.70835,19),(1242,116,2293,950,11.458400000000001,17.000051612903224),(1243,116,2095,1558,13.5416,13.000000000000002),(1244,116,11567,2314,17.708599999999997,19.000051612903228),(1245,116,7312,3670,21.875,13.000103225806452),(1246,117,2420,91,9.375,23),(1247,117,6229,157,13.541400000000001,9),(1248,117,3583,217,30.2082,13.000000000000002),(1249,117,3449,335,15.625,23),(1250,117,2093,519,11.458400000000001,19),(1251,117,96,706,19.79165,16.999948387096776),(1252,117,7531,814,26.0414,9),(1253,117,3662,3666,11.458599999999999,11.000103225806452),(1254,118,7474,1474,26.0414,11),(1255,118,8819,3827,17.707800000000002,19.000051612903228),(1256,119,4902,53,13.5418,29),(1257,119,53,245,15.625,21),(1258,119,3267,441,11.458200000000001,17),(1259,119,11879,654,23.957800000000002,13.000000000000002),(1260,119,10057,962,21.875,15.000103225806452),(1261,119,5716,1542,19.791800000000002,9.000051612903226),(1262,119,11670,1958,13.541400000000001,17.000051612903224),(1263,119,3712,2331,28.125,25),(1264,119,7341,3017,13.5422,9.000103225806452),(1265,119,36,3093,30.20835,15.000103225806452),(1266,119,10461,3353,13.541400000000001,9.000103225806452),(1267,119,11904,3413,28.125,18.99963870967742),(1268,120,7507,3815,26.042199999999998,16.999690322580648),(1269,121,9578,1674,11.458599999999999,16.999845161290324),(1270,121,5740,2333,9.375,28.999948387096776),(1271,121,7411,3705,9.375,13.000103225806452),(1272,121,10163,3818,19.792199999999998,15.000103225806452),(1273,122,2691,75,23.958199999999998,15),(1274,122,9793,973,15.625,19.000051612903228),(1275,122,8077,2482,9.375,25),(1276,122,3037,2997,28.125,19.000051612903228),(1277,122,8962,3035,28.125,23),(1278,122,11703,3283,15.625,15.000103225806452),(1279,122,1278,3682,13.5416,11.000103225806452),(1280,122,6216,3794,19.791400000000003,9.000103225806452),(1281,122,4441,3882,17.708199999999998,19.000051612903228),(1282,122,1145,3973,30.2083,19.000051612903228),(1289,124,8284,42,17.708599999999997,23),(1290,124,2895,139,17.708399999999997,13.000000000000002),(1291,124,1414,151,13.5416,23),(1292,124,1761,319,9.375,9),(1293,124,5069,622,30.2082,9),(1294,124,3919,830,28.125,21),(1295,124,7412,997,13.541400000000001,25),(1296,124,9896,1198,19.791400000000003,25),(1297,124,10528,1327,30.2086,16.999948387096776),(1298,124,11122,1989,17.707800000000002,21.000051612903228),(1299,124,7481,2805,26.0414,19.000051612903228),(1300,124,9911,2925,30.2086,16.999845161290324),(1301,124,2115,3014,17.708399999999997,11.000103225806452),(1302,124,6016,3029,15.625,16.999845161290324),(1303,124,1447,3731,28.125,21.000051612903228),(1304,124,1290,3826,21.875,17.000051612903224),(1305,125,10061,1018,23.958599999999997,13.000000000000002),(1306,125,7503,1821,26.0414,14.999896774193552),(1307,125,49,1889,13.54165,19.000051612903228),(1308,125,211,2127,9.375,12.99989677419355),(1309,125,11126,2970,15.625,25),(1310,126,10485,694,19.792199999999998,27),(1311,126,6295,2510,28.12425,28.999948387096776),(1312,127,4483,50,28.125,27),(1313,127,8453,215,23.958599999999997,11),(1314,127,215,894,11.45835,27.00010322580645),(1315,127,7016,963,30.207800000000002,25),(1316,127,3315,1297,13.541400000000001,13.000000000000002),(1317,127,5740,1841,9.375,25),(1318,127,11991,2733,16.6664,13.000103225806452),(1319,127,6008,3006,26.0418,8.999948387096774),(1320,127,4079,3030,13.5418,10.99989677419355),(1321,127,28,3195,26.04165,21.000051612903228),(1322,127,2665,3289,17.708399999999997,13.000103225806452),(1323,127,11924,3655,30.2086,13.000103225806452),(1324,127,733,3798,19.7917,25),(1325,127,6388,3817,17.707800000000002,14.999690322580646),(1326,127,2896,3850,28.125,11.000103225806452),(1327,128,918,77,9.375,27),(1328,128,3662,97,17.708599999999997,21),(1329,128,1330,127,17.7083,27),(1330,128,5832,157,26.0418,21),(1331,128,389,990,17.70835,9.000051612903226),(1332,128,11991,3723,16.6664,13.000103225806452),(1333,128,7948,3854,13.541400000000001,25),(1334,129,1869,39,28.125,21),(1335,129,4322,67,11.458200000000001,19),(1336,129,5686,75,17.708199999999998,9),(1337,129,11273,115,11.458599999999999,19),(1338,129,5122,129,15.625,25),(1339,129,6961,291,9.375,19),(1340,129,898,943,11.458300000000001,18.999948387096776),(1341,129,5079,1223,17.708199999999998,21.000051612903228),(1342,129,6314,1322,17.708599999999997,16.999948387096776),(1343,129,1505,1614,26.0416,8.999948387096774),(1344,129,3038,1630,17.708199999999998,25),(1345,129,914,1695,9.375,25),(1346,129,9844,2354,11.457799999999999,10.99989677419355),(1347,129,7196,2382,21.875,13.000103225806452),(1348,129,11910,3590,26.042199999999998,15.000103225806452),(1349,129,9621,3767,23.958599999999997,19.000051612903228),(1350,129,3841,3797,28.125,9.000103225806452),(1351,130,4919,135,17.708199999999998,9),(1352,131,4774,29,9.375,13.000000000000002),(1353,131,11064,36,26.0414,19),(1354,131,11991,403,15.625,17),(1355,131,9331,501,21.875,25),(1356,131,8664,839,9.375,25),(1357,131,918,1090,19.791600000000003,19.000051612903228),(1358,131,11143,1206,11.458599999999999,15),(1359,131,11120,1525,9.375,27),(1360,131,2138,2054,9.375,14.999896774193552),(1361,131,534,2313,23.95835,19.000051612903228),(1362,131,3312,2794,13.541400000000001,10.99989677419355),(1363,131,1839,3053,21.875,27),(1364,131,9940,3085,11.458599999999999,27),(1365,131,4472,3113,26.0418,17.000051612903224),(1366,131,2076,3313,15.625,14.999690322580646),(1367,131,1754,3669,19.791800000000002,9.000103225806452),(1368,131,5020,3794,19.791800000000002,11.000103225806452),(1369,131,11700,3821,23.958599999999997,21.000051612903228),(1370,132,1962,59,9.375,15),(1371,132,9717,271,15.625,29),(1372,132,7516,465,30.207800000000002,29),(1373,132,2078,497,15.625,25),(1374,132,2061,775,19.791600000000003,16.999948387096776),(1375,132,11126,801,26.042199999999998,15),(1376,132,7562,969,28.125,20.999948387096776),(1377,132,11778,1470,30.2086,27.00010322580645),(1378,132,2913,1655,26.0418,17.000051612903224),(1379,132,3203,1694,26.0414,21.000051612903228),(1380,132,6917,1706,19.791400000000003,17.000051612903224),(1381,132,248,1717,9.375,19.000051612903228),(1382,132,3873,1990,26.0418,27),(1383,132,9720,2334,19.791400000000003,9.000103225806452),(1384,132,5084,3299,21.875,23),(1385,132,11166,3754,23.957800000000002,21.000051612903228),(1386,132,9472,3889,23.957800000000002,29.000361290322576),(1387,133,11057,14,15.625,17),(1388,133,604,75,23.9583,25),(1389,133,3124,3665,30.2086,25),(1390,134,649,69,13.5416,21),(1391,134,8738,542,15.625,11),(1392,134,9729,951,28.125,15),(1393,134,11120,1118,15.625,11),(1394,134,4535,1302,28.125,17.000051612903224),(1395,134,8230,1638,23.958599999999997,23),(1396,134,10158,1691,15.625,28.999948387096776),(1397,134,5674,1761,13.541400000000001,19.000051612903228),(1398,134,2133,2930,17.708399999999997,27),(1399,134,4527,3483,21.875,9.000103225806452),(1400,134,8300,3735,9.375,14.999690322580646),(1401,134,8880,3841,30.2086,16.999690322580648),(1402,134,3640,3926,21.875,25),(1403,135,2998,77,30.2082,21),(1404,135,133,2078,11.45835,10.99989677419355),(1405,135,340,3023,23.95835,23),(1406,136,2134,2758,11.458400000000001,11.000103225806452),(1407,136,11902,3391,9.375,10.999741935483872),(1408,137,3323,43,15.625,21),(1409,137,4101,63,28.125,27),(1410,137,7522,65,19.792199999999998,21),(1411,137,4394,99,13.5418,25),(1412,137,6143,281,21.875400000000003,9),(1413,137,1098,985,13.5417,19.000051612903228),(1414,137,911,1102,9.375,21.000051612903228),(1415,137,7117,2306,28.125,10.99989677419355),(1416,137,1142,2306,23.9583,8.999948387096774),(1417,137,318,2715,28.125,19.000051612903228),(1418,137,10015,3667,11.458599999999999,19.000051612903228),(1419,137,11706,3685,21.875,19.000051612903228),(1420,137,5738,3957,30.2082,13.000103225806452),(1421,138,10740,323,11.458599999999999,17),(1422,138,2701,1382,21.875,11),(1423,138,223,1973,21.875,14.999896774193552),(1424,138,147,2299,19.7917,25),(1425,138,6900,2425,19.792199999999998,8.999948387096774),(1426,138,9786,2997,21.875,21.000051612903228),(1427,138,1130,3713,19.7917,14.999690322580646),(1428,138,273,3715,15.625,8.999741935483872),(1429,138,6862,3719,23.958599999999997,17.000051612903224),(1430,138,7029,3727,19.792199999999998,25),(1431,138,5122,3969,11.458200000000001,17.000051612903224),(1432,138,5793,3975,15.625,11.000103225806452),(1433,139,2444,91,9.375,23),(1434,139,86,601,9.375,23),(1435,139,889,851,11.458300000000001,23),(1436,139,4615,986,9.375,11),(1437,139,12,1270,13.54165,23),(1438,139,4,1631,8.333350000000001,22.999896774193548),(1439,139,2537,1638,26.0416,27),(1440,139,8700,2323,9.375,23),(1441,139,10550,2342,26.042199999999998,25),(1442,139,2731,2438,23.958399999999997,13.000103225806452),(1443,139,197,2726,19.7917,27.000206451612897),(1444,139,2085,2913,9.375,17.000051612903224),(1445,139,3956,3014,28.125,23),(1446,139,4974,3033,17.708599999999997,19.000051612903228),(1447,139,7628,3038,15.625,9.000103225806452),(1448,139,10955,3662,11.458599999999999,10.999741935483872),(1449,139,9532,3675,19.792199999999998,13.000103225806452),(1450,139,5350,3965,11.458200000000001,9.000103225806452),(1451,140,1627,53,17.708399999999997,21),(1452,140,2748,3815,17.708399999999997,23),(1453,141,10236,279,17.708599999999997,27),(1454,141,5497,283,19.791800000000002,23),(1455,141,10516,331,13.5422,29),(1456,141,2130,717,21.875,15.000051612903224),(1457,141,1489,1347,17.708399999999997,11),(1458,141,2599,1634,19.791600000000003,9.000051612903226),(1459,141,890,1790,19.791600000000003,17.000051612903224),(1460,141,2739,2774,13.5416,8.999948387096774),(1461,141,6312,3857,9.375,25),(1462,141,6570,3909,17.708599999999997,21.000051612903228),(1463,141,4941,3907,23.958199999999998,17.000051612903224),(1464,141,8271,3942,17.708599999999997,23),(1465,142,11244,1658,19.792199999999998,13.000103225806452),(1466,142,5691,2150,9.375,12.99989677419355),(1467,142,11965,3526,19.791400000000003,21.000051612903228),(1468,142,5716,3971,26.0418,17.000051612903224),(1469,143,3158,16,28.125,29),(1470,143,10464,53,23.958599999999997,15),(1471,143,6897,79,13.5422,15),(1472,143,8106,477,9.375,17),(1473,143,4807,942,11.458200000000001,11),(1474,143,2871,982,28.125,20.999948387096776),(1475,143,8238,1634,13.5422,11),(1476,143,5166,1650,30.2082,29.00005161290323),(1477,143,11434,1662,26.0414,9.000103225806452),(1478,143,5437,1678,21.875,14.999896774193552),(1479,143,10158,3050,11.458599999999999,8.999948387096774),(1480,143,9341,3302,13.5422,11.000103225806452),(1481,143,6263,3563,26.0414,12.999690322580646),(1482,143,4739,3822,19.791800000000002,13.000103225806452),(1483,143,7059,3829,13.541400000000001,17.000051612903224),(1484,143,252,3882,26.04165,15.000103225806452),(1485,143,8432,3898,15.625,15.000103225806452),(1486,144,3707,25,15.625,11),(1487,144,8129,689,13.5422,11),(1488,144,2085,1238,28.125,15.000103225806452),(1489,144,868,1655,23.958399999999997,8.999948387096774),(1490,144,82,2135,11.45835,25),(1491,144,8041,2327,13.5422,16.999845161290324),(1492,144,6933,2917,30.2086,25),(1493,144,138,3675,23.95835,17.000051612903224),(1494,145,11994,63,9.375,15),(1495,145,5032,103,21.875,23),(1496,145,3649,143,19.791400000000003,15),(1497,145,3949,255,28.125,13.000000000000002),(1498,145,544,301,15.625049999999998,17),(1499,145,9280,934,19.791400000000003,9.000051612903226),(1500,145,5687,1019,19.791400000000003,18.999948387096776),(1501,145,11969,1034,15.625,9.000051612903226),(1502,145,1516,1258,15.625,16.999948387096776),(1503,145,8727,1515,9.375,13.000000000000002),(1504,145,11800,1986,11.457799999999999,9.000103225806452),(1505,145,11102,3299,23.958599999999997,8.999948387096774),(1506,145,5437,3721,19.791400000000003,9.000103225806452),(1507,145,1993,3797,19.791600000000003,17.000051612903224),(1508,146,391,14,13.5417,9),(1509,146,7387,959,26.0414,23),(1510,146,1333,986,11.458300000000001,19.000051612903228),(1511,146,1487,1050,11.458400000000001,21.000051612903228),(1512,146,10500,1422,30.2086,11),(1513,146,10579,1621,13.5422,11),(1514,146,4854,1638,23.958199999999998,28.999948387096776),(1515,146,1,2575,1.0416750000000001,10.99989677419355),(1516,146,9274,3026,19.791400000000003,14.999896774193552),(1517,146,6144,3046,21.875,19.000051612903228),(1518,146,5691,3099,23.958199999999998,12.99989677419355),(1519,146,152,3422,21.875,11.000103225806452),(1520,146,4970,3691,23.958199999999998,27),(1521,146,10252,3797,21.875,17.000051612903224),(1522,146,3411,3933,13.5418,11.000103225806452),(1523,146,6231,3962,15.625,15.000103225806452);
/*!40000 ALTER TABLE `pcb_defect` ENABLE KEYS */;
UNLOCK TABLES;

--
-- Table structure for table `posts`
--

DROP TABLE IF EXISTS `posts`;
/*!40101 SET @saved_cs_client     = @@character_set_client */;
/*!50503 SET character_set_client = utf8mb4 */;
CREATE TABLE `posts` (
  `id` int(11) NOT NULL AUTO_INCREMENT,
  `title` varchar(255) COLLATE utf8mb4_bin NOT NULL,
  `content` text COLLATE utf8mb4_bin NOT NULL,
  `created_at` datetime DEFAULT current_timestamp(),
  `author` varchar(50) COLLATE utf8mb4_bin NOT NULL,
  PRIMARY KEY (`id`)
) ENGINE=InnoDB AUTO_INCREMENT=24 DEFAULT CHARSET=utf8mb4 COLLATE=utf8mb4_bin;
/*!40101 SET character_set_client = @saved_cs_client */;

--
-- Dumping data for table `posts`
--

LOCK TABLES `posts` WRITE;
/*!40000 ALTER TABLE `posts` DISABLE KEYS */;
INSERT INTO `posts` VALUES (4,'testt','testt','2025-05-09 06:31:44',''),(5,'aaaabb','aaaabb','2025-05-09 06:38:43',''),(7,'qwerrr','qwerrr\r\n\r\nXX ','2025-05-12 01:05:16','test'),(16,'2r3','g4g5','2025-05-13 04:37:36','test'),(18,'2r32','23r32r22ff','2025-05-13 06:31:02','test'),(19,'PCB   ','  UI  ','2025-05-15 04:33:34','test'),(21,'2025   ?','      ','2025-05-15 05:57:55','test'),(23,'PCB-205134  .','     ','2025-05-19 11:33:05','test');
/*!40000 ALTER TABLE `posts` ENABLE KEYS */;
UNLOCK TABLES;

--
-- Table structure for table `users`
--

DROP TABLE IF EXISTS `users`;
/*!40101 SET @saved_cs_client     = @@character_set_client */;
/*!50503 SET character_set_client = utf8mb4 */;
CREATE TABLE `users` (
  `id` int(11) NOT NULL AUTO_INCREMENT,
  `username` varchar(50) COLLATE utf8mb4_bin NOT NULL,
  `password` varchar(255) COLLATE utf8mb4_bin NOT NULL,
  `created_at` timestamp NULL DEFAULT current_timestamp(),
  `role` enum('USER','ADMIN') COLLATE utf8mb4_bin NOT NULL DEFAULT 'USER',
  PRIMARY KEY (`id`),
  UNIQUE KEY `username` (`username`)
) ENGINE=InnoDB AUTO_INCREMENT=16 DEFAULT CHARSET=utf8mb4 COLLATE=utf8mb4_bin;
/*!40101 SET character_set_client = @saved_cs_client */;

--
-- Dumping data for table `users`
--

LOCK TABLES `users` WRITE;
/*!40000 ALTER TABLE `users` DISABLE KEYS */;
INSERT INTO `users` VALUES (5,'aa','bb','2025-05-09 01:53:09','USER'),(10,'test','test','2025-05-13 04:44:30','ADMIN'),(11,'hello','world','2025-05-13 07:56:10','USER'),(15,'ssafy','ssafy','2025-05-20 04:03:28','USER');
/*!40000 ALTER TABLE `users` ENABLE KEYS */;
UNLOCK TABLES;
/*!40103 SET TIME_ZONE=@OLD_TIME_ZONE */;

/*!40101 SET SQL_MODE=@OLD_SQL_MODE */;
/*!40014 SET FOREIGN_KEY_CHECKS=@OLD_FOREIGN_KEY_CHECKS */;
/*!40014 SET UNIQUE_CHECKS=@OLD_UNIQUE_CHECKS */;
/*!40101 SET CHARACTER_SET_CLIENT=@OLD_CHARACTER_SET_CLIENT */;
/*!40101 SET CHARACTER_SET_RESULTS=@OLD_CHARACTER_SET_RESULTS */;
/*!40101 SET COLLATION_CONNECTION=@OLD_COLLATION_CONNECTION */;
/*!40111 SET SQL_NOTES=@OLD_SQL_NOTES */;

-- Dump completed on 2025-05-22  9:57:30
